event_id,trace_file,trace_day,minute_in_day,absolute_minute,trace_second,hash_app,hash_function,function_id,cold_key,cold_key_value,trigger,invocations_in_minute,cold_by_keepalive,top_selection,relative_trace_second,scaled_second_default
1,invocations_per_function_md.anon.d01.csv,d01,1,1,0,0f7010c024950e536277a77868bfd639be6e92d1faf4ae2b3b5f89dd619b5028,3fd9e257c698026dee5541a06b03678932afe245e8ef3ac25784e14525ee0be3,0f7010c024950e536277a77868bfd639be6e92d1faf4ae2b3b5f89dd619b5028/3fd9e257c698026dee5541a06b03678932afe245e8ef3ac25784e14525ee0be3,app,0f7010c024950e536277a77868bfd639be6e92d1faf4ae2b3b5f89dd619b5028,queue,9,1,top_cold,0,0.0
2,invocations_per_function_md.anon.d01.csv,d01,1,1,0,2e09b894572329e836fee845dda03c9412ec3c1a8c0bf9fdbd069f0adcc8c111,a63e8cff460a704248723c30b2c69bfa867e68c5205586c2d3b45aa839f234d2,2e09b894572329e836fee845dda03c9412ec3c1a8c0bf9fdbd069f0adcc8c111/a63e8cff460a704248723c30b2c69bfa867e68c5205586c2d3b45aa839f234d2,app,2e09b894572329e836fee845dda03c9412ec3c1a8c0bf9fdbd069f0adcc8c111,queue,36,1,top_cold,0,0.0
3,invocations_per_function_md.anon.d01.csv,d01,1,1,0,4f169fb17b90fd318db981104b811dee2e145c767f843dda7afcce83bc62d4e0,a7f39da20cadec4da25fd661f10b838ba4b38e6ce976ce33d8365e91d0cf1326,4f169fb17b90fd318db981104b811dee2e145c767f843dda7afcce83bc62d4e0/a7f39da20cadec4da25fd661f10b838ba4b38e6ce976ce33d8365e91d0cf1326,app,4f169fb17b90fd318db981104b811dee2e145c767f843dda7afcce83bc62d4e0,timer,1,1,top_cold,0,0.0
4,invocations_per_function_md.anon.d01.csv,d01,1,1,0,5ae85d3bea97d511fce803131bc3816697933b74393262ae69f87e4863fe17f9,0a7ad962650b4331b8c16e6e4aee58fe1123a0bdc125ef1992b39ec69aeb91c1,5ae85d3bea97d511fce803131bc3816697933b74393262ae69f87e4863fe17f9/0a7ad962650b4331b8c16e6e4aee58fe1123a0bdc125ef1992b39ec69aeb91c1,app,5ae85d3bea97d511fce803131bc3816697933b74393262ae69f87e4863fe17f9,timer,1,1,top_cold,0,0.0
5,invocations_per_function_md.anon.d01.csv,d01,1,1,0,738224f25d36d4da3ebbc5d801d2b054537be6e0d25a64e19e67873af43b74f6,b9dd4d4e2317f0585ef5a1d1d3174d1d350390324019ab2a274315f0f6442253,738224f25d36d4da3ebbc5d801d2b054537be6e0d25a64e19e67873af43b74f6/b9dd4d4e2317f0585ef5a1d1d3174d1d350390324019ab2a274315f0f6442253,app,738224f25d36d4da3ebbc5d801d2b054537be6e0d25a64e19e67873af43b74f6,timer,1,1,top_cold,0,0.0
6,invocations_per_function_md.anon.d01.csv,d01,1,1,0,80957497457b7f12997d76faaf0a7160df51be8257f9442bc437a9fba8204eaf,d1afe9715296303cf7a43d7a082f2f1cbb89409d1ab88e6d5fbd58942e581bf0,80957497457b7f12997d76faaf0a7160df51be8257f9442bc437a9fba8204eaf/d1afe9715296303cf7a43d7a082f2f1cbb89409d1ab88e6d5fbd58942e581bf0,app,80957497457b7f12997d76faaf0a7160df51be8257f9442bc437a9fba8204eaf,timer,1,1,top_cold,0,0.0
7,invocations_per_function_md.anon.d01.csv,d01,1,1,0,a8af8e4b72b2c819d0d0b06984cd40887ad8fe6d3ab1012cdbfe463af1fd8350,7d3e306ee116f9ad89d1b9601a46f0507a0b3f21d650f5f38ec4eec19ebca1fb,a8af8e4b72b2c819d0d0b06984cd40887ad8fe6d3ab1012cdbfe463af1fd8350/7d3e306ee116f9ad89d1b9601a46f0507a0b3f21d650f5f38ec4eec19ebca1fb,app,a8af8e4b72b2c819d0d0b06984cd40887ad8fe6d3ab1012cdbfe463af1fd8350,queue,6,1,top_cold,0,0.0
8,invocations_per_function_md.anon.d01.csv,d01,1,1,0,ed9db9d74b1d55948cc6d6b833e53638b3f85426d25884c6488dcf883bf4aa2e,ec7ed7915ed63a3566add7c04a46beb13b598f990f222ab41dcfd27a717026ec,ed9db9d74b1d55948cc6d6b833e53638b3f85426d25884c6488dcf883bf4aa2e/ec7ed7915ed63a3566add7c04a46beb13b598f990f222ab41dcfd27a717026ec,app,ed9db9d74b1d55948cc6d6b833e53638b3f85426d25884c6488dcf883bf4aa2e,timer,1,1,top_cold,0,0.0
9,invocations_per_function_md.anon.d01.csv,d01,1,1,0,f1b3e9c26d5d47b4bdfb0c5d89914ece2e2a76b48b7ed09979b7097757a5f035,42e01efa95362e3b07f674f229fe767fb6f79b351b0f3d60cefb021c5e2ef972,f1b3e9c26d5d47b4bdfb0c5d89914ece2e2a76b48b7ed09979b7097757a5f035/42e01efa95362e3b07f674f229fe767fb6f79b351b0f3d60cefb021c5e2ef972,app,f1b3e9c26d5d47b4bdfb0c5d89914ece2e2a76b48b7ed09979b7097757a5f035,queue,27,1,top_cold,0,0.0
10,invocations_per_function_md.anon.d01.csv,d01,1,1,0,f94272e7578b7170a4d648cf615cad59fa53c77b3b294e56a72093f843eecd6a,6cf5dbc0de68d182a0cfb325efaa166b80299e7d73602c82a4959128ff0de68f,f94272e7578b7170a4d648cf615cad59fa53c77b3b294e56a72093f843eecd6a/6cf5dbc0de68d182a0cfb325efaa166b80299e7d73602c82a4959128ff0de68f,app,f94272e7578b7170a4d648cf615cad59fa53c77b3b294e56a72093f843eecd6a,queue,1,1,top_cold,0,0.0
11,invocations_per_function_md.anon.d01.csv,d01,5,5,240,62748773bfef739ca9e90db2ebd8647150a0d51aeef965b5a95286c26bec3650,ad71d1a9dabe4e9c31ae4ee16e9d2675face4f3f30fdf13a4488f71dfd6e35db,62748773bfef739ca9e90db2ebd8647150a0d51aeef965b5a95286c26bec3650/ad71d1a9dabe4e9c31ae4ee16e9d2675face4f3f30fdf13a4488f71dfd6e35db,app,62748773bfef739ca9e90db2ebd8647150a0d51aeef965b5a95286c26bec3650,http,1,1,top_cold,240,4.8
12,invocations_per_function_md.anon.d01.csv,d01,5,5,240,b0fc6efced2a2e4421afbb4822a0f620266f17788893b6fcd6bef54711667b63,42af3a348e965a6089924bd4c90f7098d8ea814825ec289017cb18e8ed1cdcb9,b0fc6efced2a2e4421afbb4822a0f620266f17788893b6fcd6bef54711667b63/42af3a348e965a6089924bd4c90f7098d8ea814825ec289017cb18e8ed1cdcb9,app,b0fc6efced2a2e4421afbb4822a0f620266f17788893b6fcd6bef54711667b63,http,1,1,top_cold,240,4.8
13,invocations_per_function_md.anon.d01.csv,d01,9,9,480,9b4ba9fda6f685d8a855e7bc6ddcb01fc4162d4e5a8d65199a48875af248da37,426986c5ffe36b01ac065490a27bcb3f7b22ac9267704e84c997f76907e16de1,9b4ba9fda6f685d8a855e7bc6ddcb01fc4162d4e5a8d65199a48875af248da37/426986c5ffe36b01ac065490a27bcb3f7b22ac9267704e84c997f76907e16de1,app,9b4ba9fda6f685d8a855e7bc6ddcb01fc4162d4e5a8d65199a48875af248da37,queue,9,1,top_cold,480,9.6
14,invocations_per_function_md.anon.d01.csv,d01,19,19,1080,eb8c1929589bb307d0d101f92f8a923c96909abc82aea78cc284b65aee59c140,a53fe209012e4519de1aa9d0cb9976f27843b90b4c7dc925f7eb131fd75b9904,eb8c1929589bb307d0d101f92f8a923c96909abc82aea78cc284b65aee59c140/a53fe209012e4519de1aa9d0cb9976f27843b90b4c7dc925f7eb131fd75b9904,app,eb8c1929589bb307d0d101f92f8a923c96909abc82aea78cc284b65aee59c140,http,1,1,top_cold,1080,21.6
15,invocations_per_function_md.anon.d01.csv,d01,23,23,1320,f5594c2a4ad9bd260c2c44e14761be379b978d3a598332dc309ffe477da0167b,6519ed8187771c390f1911cdd9f974cc729db72a480e4fda80d0af0ec09f112a,f5594c2a4ad9bd260c2c44e14761be379b978d3a598332dc309ffe477da0167b/6519ed8187771c390f1911cdd9f974cc729db72a480e4fda80d0af0ec09f112a,app,f5594c2a4ad9bd260c2c44e14761be379b978d3a598332dc309ffe477da0167b,queue,1,1,top_cold,1320,26.400000000000002
16,invocations_per_function_md.anon.d01.csv,d01,24,24,1380,738224f25d36d4da3ebbc5d801d2b054537be6e0d25a64e19e67873af43b74f6,b9dd4d4e2317f0585ef5a1d1d3174d1d350390324019ab2a274315f0f6442253,738224f25d36d4da3ebbc5d801d2b054537be6e0d25a64e19e67873af43b74f6/b9dd4d4e2317f0585ef5a1d1d3174d1d350390324019ab2a274315f0f6442253,app,738224f25d36d4da3ebbc5d801d2b054537be6e0d25a64e19e67873af43b74f6,timer,1,1,top_cold,1380,27.6
17,invocations_per_function_md.anon.d01.csv,d01,24,24,1380,80957497457b7f12997d76faaf0a7160df51be8257f9442bc437a9fba8204eaf,d1afe9715296303cf7a43d7a082f2f1cbb89409d1ab88e6d5fbd58942e581bf0,80957497457b7f12997d76faaf0a7160df51be8257f9442bc437a9fba8204eaf/d1afe9715296303cf7a43d7a082f2f1cbb89409d1ab88e6d5fbd58942e581bf0,app,80957497457b7f12997d76faaf0a7160df51be8257f9442bc437a9fba8204eaf,timer,1,1,top_cold,1380,27.6
18,invocations_per_function_md.anon.d01.csv,d01,29,29,1680,0f7010c024950e536277a77868bfd639be6e92d1faf4ae2b3b5f89dd619b5028,3fd9e257c698026dee5541a06b03678932afe245e8ef3ac25784e14525ee0be3,0f7010c024950e536277a77868bfd639be6e92d1faf4ae2b3b5f89dd619b5028/3fd9e257c698026dee5541a06b03678932afe245e8ef3ac25784e14525ee0be3,app,0f7010c024950e536277a77868bfd639be6e92d1faf4ae2b3b5f89dd619b5028,queue,9,1,top_cold,1680,33.6
19,invocations_per_function_md.anon.d01.csv,d01,29,29,1680,2e09b894572329e836fee845dda03c9412ec3c1a8c0bf9fdbd069f0adcc8c111,a63e8cff460a704248723c30b2c69bfa867e68c5205586c2d3b45aa839f234d2,2e09b894572329e836fee845dda03c9412ec3c1a8c0bf9fdbd069f0adcc8c111/a63e8cff460a704248723c30b2c69bfa867e68c5205586c2d3b45aa839f234d2,app,2e09b894572329e836fee845dda03c9412ec3c1a8c0bf9fdbd069f0adcc8c111,queue,36,1,top_cold,1680,33.6
20,invocations_per_function_md.anon.d01.csv,d01,29,29,1680,4f169fb17b90fd318db981104b811dee2e145c767f843dda7afcce83bc62d4e0,a7f39da20cadec4da25fd661f10b838ba4b38e6ce976ce33d8365e91d0cf1326,4f169fb17b90fd318db981104b811dee2e145c767f843dda7afcce83bc62d4e0/a7f39da20cadec4da25fd661f10b838ba4b38e6ce976ce33d8365e91d0cf1326,app,4f169fb17b90fd318db981104b811dee2e145c767f843dda7afcce83bc62d4e0,timer,1,1,top_cold,1680,33.6
21,invocations_per_function_md.anon.d01.csv,d01,29,29,1680,5ae85d3bea97d511fce803131bc3816697933b74393262ae69f87e4863fe17f9,0a7ad962650b4331b8c16e6e4aee58fe1123a0bdc125ef1992b39ec69aeb91c1,5ae85d3bea97d511fce803131bc3816697933b74393262ae69f87e4863fe17f9/0a7ad962650b4331b8c16e6e4aee58fe1123a0bdc125ef1992b39ec69aeb91c1,app,5ae85d3bea97d511fce803131bc3816697933b74393262ae69f87e4863fe17f9,timer,1,1,top_cold,1680,33.6
22,invocations_per_function_md.anon.d01.csv,d01,29,29,1680,62748773bfef739ca9e90db2ebd8647150a0d51aeef965b5a95286c26bec3650,ad71d1a9dabe4e9c31ae4ee16e9d2675face4f3f30fdf13a4488f71dfd6e35db,62748773bfef739ca9e90db2ebd8647150a0d51aeef965b5a95286c26bec3650/ad71d1a9dabe4e9c31ae4ee16e9d2675face4f3f30fdf13a4488f71dfd6e35db,app,62748773bfef739ca9e90db2ebd8647150a0d51aeef965b5a95286c26bec3650,http,1,1,top_cold,1680,33.6
23,invocations_per_function_md.anon.d01.csv,d01,29,29,1680,a8af8e4b72b2c819d0d0b06984cd40887ad8fe6d3ab1012cdbfe463af1fd8350,7d3e306ee116f9ad89d1b9601a46f0507a0b3f21d650f5f38ec4eec19ebca1fb,a8af8e4b72b2c819d0d0b06984cd40887ad8fe6d3ab1012cdbfe463af1fd8350/7d3e306ee116f9ad89d1b9601a46f0507a0b3f21d650f5f38ec4eec19ebca1fb,app,a8af8e4b72b2c819d0d0b06984cd40887ad8fe6d3ab1012cdbfe463af1fd8350,queue,6,1,top_cold,1680,33.6
24,invocations_per_function_md.anon.d01.csv,d01,29,29,1680,ed9db9d74b1d55948cc6d6b833e53638b3f85426d25884c6488dcf883bf4aa2e,ec7ed7915ed63a3566add7c04a46beb13b598f990f222ab41dcfd27a717026ec,ed9db9d74b1d55948cc6d6b833e53638b3f85426d25884c6488dcf883bf4aa2e/ec7ed7915ed63a3566add7c04a46beb13b598f990f222ab41dcfd27a717026ec,app,ed9db9d74b1d55948cc6d6b833e53638b3f85426d25884c6488dcf883bf4aa2e,timer,1,1,top_cold,1680,33.6
25,invocations_per_function_md.anon.d01.csv,d01,29,29,1680,f1b3e9c26d5d47b4bdfb0c5d89914ece2e2a76b48b7ed09979b7097757a5f035,42e01efa95362e3b07f674f229fe767fb6f79b351b0f3d60cefb021c5e2ef972,f1b3e9c26d5d47b4bdfb0c5d89914ece2e2a76b48b7ed09979b7097757a5f035/42e01efa95362e3b07f674f229fe767fb6f79b351b0f3d60cefb021c5e2ef972,app,f1b3e9c26d5d47b4bdfb0c5d89914ece2e2a76b48b7ed09979b7097757a5f035,queue,27,1,top_cold,1680,33.6
26,invocations_per_function_md.anon.d01.csv,d01,29,29,1680,f94272e7578b7170a4d648cf615cad59fa53c77b3b294e56a72093f843eecd6a,6cf5dbc0de68d182a0cfb325efaa166b80299e7d73602c82a4959128ff0de68f,f94272e7578b7170a4d648cf615cad59fa53c77b3b294e56a72093f843eecd6a/6cf5dbc0de68d182a0cfb325efaa166b80299e7d73602c82a4959128ff0de68f,app,f94272e7578b7170a4d648cf615cad59fa53c77b3b294e56a72093f843eecd6a,queue,1,1,top_cold,1680,33.6
27,invocations_per_function_md.anon.d01.csv,d01,32,32,1860,b0fc6efced2a2e4421afbb4822a0f620266f17788893b6fcd6bef54711667b63,379ff2801f82610b5ec5b6fde6c8462f6c7bf791e293025dab62f8726a75a2ea,b0fc6efced2a2e4421afbb4822a0f620266f17788893b6fcd6bef54711667b63/379ff2801f82610b5ec5b6fde6c8462f6c7bf791e293025dab62f8726a75a2ea,app,b0fc6efced2a2e4421afbb4822a0f620266f17788893b6fcd6bef54711667b63,timer,1,1,top_cold,1860,37.2
28,invocations_per_function_md.anon.d01.csv,d01,32,32,1860,b0fc6efced2a2e4421afbb4822a0f620266f17788893b6fcd6bef54711667b63,42af3a348e965a6089924bd4c90f7098d8ea814825ec289017cb18e8ed1cdcb9,b0fc6efced2a2e4421afbb4822a0f620266f17788893b6fcd6bef54711667b63/42af3a348e965a6089924bd4c90f7098d8ea814825ec289017cb18e8ed1cdcb9,app,b0fc6efced2a2e4421afbb4822a0f620266f17788893b6fcd6bef54711667b63,http,2,1,top_cold,1860,37.2
29,invocations_per_function_md.anon.d01.csv,d01,32,32,1860,b0fc6efced2a2e4421afbb4822a0f620266f17788893b6fcd6bef54711667b63,ba4e7d28c96d14fdca688dfcdbf5e16001a39dc1de75449dec3f3197937c8988,b0fc6efced2a2e4421afbb4822a0f620266f17788893b6fcd6bef54711667b63/ba4e7d28c96d14fdca688dfcdbf5e16001a39dc1de75449dec3f3197937c8988,app,b0fc6efced2a2e4421afbb4822a0f620266f17788893b6fcd6bef54711667b63,http,2,1,top_cold,1860,37.2
30,invocations_per_function_md.anon.d01.csv,d01,34,34,1980,62748773bfef739ca9e90db2ebd8647150a0d51aeef965b5a95286c26bec3650,3bfe246403b10c5c3ef2300e4b7d7393031784695582bf913625b353ab857d9f,62748773bfef739ca9e90db2ebd8647150a0d51aeef965b5a95286c26bec3650/3bfe246403b10c5c3ef2300e4b7d7393031784695582bf913625b353ab857d9f,app,62748773bfef739ca9e90db2ebd8647150a0d51aeef965b5a95286c26bec3650,http,1,1,top_cold,1980,39.6
31,invocations_per_function_md.anon.d01.csv,d01,34,34,1980,9b4ba9fda6f685d8a855e7bc6ddcb01fc4162d4e5a8d65199a48875af248da37,426986c5ffe36b01ac065490a27bcb3f7b22ac9267704e84c997f76907e16de1,9b4ba9fda6f685d8a855e7bc6ddcb01fc4162d4e5a8d65199a48875af248da37/426986c5ffe36b01ac065490a27bcb3f7b22ac9267704e84c997f76907e16de1,app,9b4ba9fda6f685d8a855e7bc6ddcb01fc4162d4e5a8d65199a48875af248da37,queue,7,1,top_cold,1980,39.6
32,invocations_per_function_md.anon.d01.csv,d01,34,34,1980,9b4ba9fda6f685d8a855e7bc6ddcb01fc4162d4e5a8d65199a48875af248da37,d22311a39103821c8f1d623db1c594388b088e0903872d7c39c4c3cf5309083f,9b4ba9fda6f685d8a855e7bc6ddcb01fc4162d4e5a8d65199a48875af248da37/d22311a39103821c8f1d623db1c594388b088e0903872d7c39c4c3cf5309083f,app,9b4ba9fda6f685d8a855e7bc6ddcb01fc4162d4e5a8d65199a48875af248da37,orchestration,7,1,top_cold,1980,39.6
33,invocations_per_function_md.anon.d01.csv,d01,43,43,2520,eb8c1929589bb307d0d101f92f8a923c96909abc82aea78cc284b65aee59c140,a53fe209012e4519de1aa9d0cb9976f27843b90b4c7dc925f7eb131fd75b9904,eb8c1929589bb307d0d101f92f8a923c96909abc82aea78cc284b65aee59c140/a53fe209012e4519de1aa9d0cb9976f27843b90b4c7dc925f7eb131fd75b9904,app,eb8c1929589bb307d0d101f92f8a923c96909abc82aea78cc284b65aee59c140,http,1,1,top_cold,2520,50.4
34,invocations_per_function_md.anon.d01.csv,d01,47,47,2760,f5594c2a4ad9bd260c2c44e14761be379b978d3a598332dc309ffe477da0167b,6519ed8187771c390f1911cdd9f974cc729db72a480e4fda80d0af0ec09f112a,f5594c2a4ad9bd260c2c44e14761be379b978d3a598332dc309ffe477da0167b/6519ed8187771c390f1911cdd9f974cc729db72a480e4fda80d0af0ec09f112a,app,f5594c2a4ad9bd260c2c44e14761be379b978d3a598332dc309ffe477da0167b,queue,1,1,top_cold,2760,55.2
35,invocations_per_function_md.anon.d01.csv,d01,49,49,2880,738224f25d36d4da3ebbc5d801d2b054537be6e0d25a64e19e67873af43b74f6,b9dd4d4e2317f0585ef5a1d1d3174d1d350390324019ab2a274315f0f6442253,738224f25d36d4da3ebbc5d801d2b054537be6e0d25a64e19e67873af43b74f6/b9dd4d4e2317f0585ef5a1d1d3174d1d350390324019ab2a274315f0f6442253,app,738224f25d36d4da3ebbc5d801d2b054537be6e0d25a64e19e67873af43b74f6,timer,1,1,top_cold,2880,57.6
36,invocations_per_function_md.anon.d01.csv,d01,49,49,2880,80957497457b7f12997d76faaf0a7160df51be8257f9442bc437a9fba8204eaf,d1afe9715296303cf7a43d7a082f2f1cbb89409d1ab88e6d5fbd58942e581bf0,80957497457b7f12997d76faaf0a7160df51be8257f9442bc437a9fba8204eaf/d1afe9715296303cf7a43d7a082f2f1cbb89409d1ab88e6d5fbd58942e581bf0,app,80957497457b7f12997d76faaf0a7160df51be8257f9442bc437a9fba8204eaf,timer,1,1,top_cold,2880,57.6
37,invocations_per_function_md.anon.d01.csv,d01,53,53,3120,62748773bfef739ca9e90db2ebd8647150a0d51aeef965b5a95286c26bec3650,ad71d1a9dabe4e9c31ae4ee16e9d2675face4f3f30fdf13a4488f71dfd6e35db,62748773bfef739ca9e90db2ebd8647150a0d51aeef965b5a95286c26bec3650/ad71d1a9dabe4e9c31ae4ee16e9d2675face4f3f30fdf13a4488f71dfd6e35db,app,62748773bfef739ca9e90db2ebd8647150a0d51aeef965b5a95286c26bec3650,http,1,1,top_cold,3120,62.4
38,invocations_per_function_md.anon.d01.csv,d01,57,57,3360,b0fc6efced2a2e4421afbb4822a0f620266f17788893b6fcd6bef54711667b63,379ff2801f82610b5ec5b6fde6c8462f6c7bf791e293025dab62f8726a75a2ea,b0fc6efced2a2e4421afbb4822a0f620266f17788893b6fcd6bef54711667b63/379ff2801f82610b5ec5b6fde6c8462f6c7bf791e293025dab62f8726a75a2ea,app,b0fc6efced2a2e4421afbb4822a0f620266f17788893b6fcd6bef54711667b63,timer,1,1,top_cold,3360,67.2
39,invocations_per_function_md.anon.d01.csv,d01,57,57,3360,b0fc6efced2a2e4421afbb4822a0f620266f17788893b6fcd6bef54711667b63,42af3a348e965a6089924bd4c90f7098d8ea814825ec289017cb18e8ed1cdcb9,b0fc6efced2a2e4421afbb4822a0f620266f17788893b6fcd6bef54711667b63/42af3a348e965a6089924bd4c90f7098d8ea814825ec289017cb18e8ed1cdcb9,app,b0fc6efced2a2e4421afbb4822a0f620266f17788893b6fcd6bef54711667b63,http,2,1,top_cold,3360,67.2
40,invocations_per_function_md.anon.d01.csv,d01,57,57,3360,b0fc6efced2a2e4421afbb4822a0f620266f17788893b6fcd6bef54711667b63,ba4e7d28c96d14fdca688dfcdbf5e16001a39dc1de75449dec3f3197937c8988,b0fc6efced2a2e4421afbb4822a0f620266f17788893b6fcd6bef54711667b63/ba4e7d28c96d14fdca688dfcdbf5e16001a39dc1de75449dec3f3197937c8988,app,b0fc6efced2a2e4421afbb4822a0f620266f17788893b6fcd6bef54711667b63,http,2,1,top_cold,3360,67.2
41,invocations_per_function_md.anon.d01.csv,d01,58,58,3420,62748773bfef739ca9e90db2ebd8647150a0d51aeef965b5a95286c26bec3650,e9b528a602251393699317fea846334f36f0938aaff14a672ef34ce19098b72c,62748773bfef739ca9e90db2ebd8647150a0d51aeef965b5a95286c26bec3650/e9b528a602251393699317fea846334f36f0938aaff14a672ef34ce19098b72c,app,62748773bfef739ca9e90db2ebd8647150a0d51aeef965b5a95286c26bec3650,http,1,1,top_cold,3420,68.4
42,invocations_per_function_md.anon.d01.csv,d01,59,59,3480,0f7010c024950e536277a77868bfd639be6e92d1faf4ae2b3b5f89dd619b5028,3fd9e257c698026dee5541a06b03678932afe245e8ef3ac25784e14525ee0be3,0f7010c024950e536277a77868bfd639be6e92d1faf4ae2b3b5f89dd619b5028/3fd9e257c698026dee5541a06b03678932afe245e8ef3ac25784e14525ee0be3,app,0f7010c024950e536277a77868bfd639be6e92d1faf4ae2b3b5f89dd619b5028,queue,9,1,top_cold,3480,69.60000000000001
43,invocations_per_function_md.anon.d01.csv,d01,59,59,3480,2e09b894572329e836fee845dda03c9412ec3c1a8c0bf9fdbd069f0adcc8c111,a63e8cff460a704248723c30b2c69bfa867e68c5205586c2d3b45aa839f234d2,2e09b894572329e836fee845dda03c9412ec3c1a8c0bf9fdbd069f0adcc8c111/a63e8cff460a704248723c30b2c69bfa867e68c5205586c2d3b45aa839f234d2,app,2e09b894572329e836fee845dda03c9412ec3c1a8c0bf9fdbd069f0adcc8c111,queue,36,1,top_cold,3480,69.60000000000001
44,invocations_per_function_md.anon.d01.csv,d01,59,59,3480,4f169fb17b90fd318db981104b811dee2e145c767f843dda7afcce83bc62d4e0,a7f39da20cadec4da25fd661f10b838ba4b38e6ce976ce33d8365e91d0cf1326,4f169fb17b90fd318db981104b811dee2e145c767f843dda7afcce83bc62d4e0/a7f39da20cadec4da25fd661f10b838ba4b38e6ce976ce33d8365e91d0cf1326,app,4f169fb17b90fd318db981104b811dee2e145c767f843dda7afcce83bc62d4e0,timer,1,1,top_cold,3480,69.60000000000001
45,invocations_per_function_md.anon.d01.csv,d01,59,59,3480,5ae85d3bea97d511fce803131bc3816697933b74393262ae69f87e4863fe17f9,0a7ad962650b4331b8c16e6e4aee58fe1123a0bdc125ef1992b39ec69aeb91c1,5ae85d3bea97d511fce803131bc3816697933b74393262ae69f87e4863fe17f9/0a7ad962650b4331b8c16e6e4aee58fe1123a0bdc125ef1992b39ec69aeb91c1,app,5ae85d3bea97d511fce803131bc3816697933b74393262ae69f87e4863fe17f9,timer,1,1,top_cold,3480,69.60000000000001
46,invocations_per_function_md.anon.d01.csv,d01,59,59,3480,9b4ba9fda6f685d8a855e7bc6ddcb01fc4162d4e5a8d65199a48875af248da37,426986c5ffe36b01ac065490a27bcb3f7b22ac9267704e84c997f76907e16de1,9b4ba9fda6f685d8a855e7bc6ddcb01fc4162d4e5a8d65199a48875af248da37/426986c5ffe36b01ac065490a27bcb3f7b22ac9267704e84c997f76907e16de1,app,9b4ba9fda6f685d8a855e7bc6ddcb01fc4162d4e5a8d65199a48875af248da37,queue,9,1,top_cold,3480,69.60000000000001
47,invocations_per_function_md.anon.d01.csv,d01,59,59,3480,9b4ba9fda6f685d8a855e7bc6ddcb01fc4162d4e5a8d65199a48875af248da37,d22311a39103821c8f1d623db1c594388b088e0903872d7c39c4c3cf5309083f,9b4ba9fda6f685d8a855e7bc6ddcb01fc4162d4e5a8d65199a48875af248da37/d22311a39103821c8f1d623db1c594388b088e0903872d7c39c4c3cf5309083f,app,9b4ba9fda6f685d8a855e7bc6ddcb01fc4162d4e5a8d65199a48875af248da37,orchestration,1,1,top_cold,3480,69.60000000000001
48,invocations_per_function_md.anon.d01.csv,d01,59,59,3480,a8af8e4b72b2c819d0d0b06984cd40887ad8fe6d3ab1012cdbfe463af1fd8350,7d3e306ee116f9ad89d1b9601a46f0507a0b3f21d650f5f38ec4eec19ebca1fb,a8af8e4b72b2c819d0d0b06984cd40887ad8fe6d3ab1012cdbfe463af1fd8350/7d3e306ee116f9ad89d1b9601a46f0507a0b3f21d650f5f38ec4eec19ebca1fb,app,a8af8e4b72b2c819d0d0b06984cd40887ad8fe6d3ab1012cdbfe463af1fd8350,queue,6,1,top_cold,3480,69.60000000000001
49,invocations_per_function_md.anon.d01.csv,d01,59,59,3480,ed9db9d74b1d55948cc6d6b833e53638b3f85426d25884c6488dcf883bf4aa2e,ec7ed7915ed63a3566add7c04a46beb13b598f990f222ab41dcfd27a717026ec,ed9db9d74b1d55948cc6d6b833e53638b3f85426d25884c6488dcf883bf4aa2e/ec7ed7915ed63a3566add7c04a46beb13b598f990f222ab41dcfd27a717026ec,app,ed9db9d74b1d55948cc6d6b833e53638b3f85426d25884c6488dcf883bf4aa2e,timer,1,1,top_cold,3480,69.60000000000001
50,invocations_per_function_md.anon.d01.csv,d01,59,59,3480,f1b3e9c26d5d47b4bdfb0c5d89914ece2e2a76b48b7ed09979b7097757a5f035,42e01efa95362e3b07f674f229fe767fb6f79b351b0f3d60cefb021c5e2ef972,f1b3e9c26d5d47b4bdfb0c5d89914ece2e2a76b48b7ed09979b7097757a5f035/42e01efa95362e3b07f674f229fe767fb6f79b351b0f3d60cefb021c5e2ef972,app,f1b3e9c26d5d47b4bdfb0c5d89914ece2e2a76b48b7ed09979b7097757a5f035,queue,27,1,top_cold,3480,69.60000000000001
51,invocations_per_function_md.anon.d01.csv,d01,59,59,3480,f94272e7578b7170a4d648cf615cad59fa53c77b3b294e56a72093f843eecd6a,6cf5dbc0de68d182a0cfb325efaa166b80299e7d73602c82a4959128ff0de68f,f94272e7578b7170a4d648cf615cad59fa53c77b3b294e56a72093f843eecd6a/6cf5dbc0de68d182a0cfb325efaa166b80299e7d73602c82a4959128ff0de68f,app,f94272e7578b7170a4d648cf615cad59fa53c77b3b294e56a72093f843eecd6a,queue,1,1,top_cold,3480,69.60000000000001
52,invocations_per_function_md.anon.d01.csv,d01,63,63,3720,62748773bfef739ca9e90db2ebd8647150a0d51aeef965b5a95286c26bec3650,3bfe246403b10c5c3ef2300e4b7d7393031784695582bf913625b353ab857d9f,62748773bfef739ca9e90db2ebd8647150a0d51aeef965b5a95286c26bec3650/3bfe246403b10c5c3ef2300e4b7d7393031784695582bf913625b353ab857d9f,app,62748773bfef739ca9e90db2ebd8647150a0d51aeef965b5a95286c26bec3650,http,1,1,top_cold,3720,74.4
53,invocations_per_function_md.anon.d01.csv,d01,68,68,4020,eb8c1929589bb307d0d101f92f8a923c96909abc82aea78cc284b65aee59c140,a53fe209012e4519de1aa9d0cb9976f27843b90b4c7dc925f7eb131fd75b9904,eb8c1929589bb307d0d101f92f8a923c96909abc82aea78cc284b65aee59c140/a53fe209012e4519de1aa9d0cb9976f27843b90b4c7dc925f7eb131fd75b9904,app,eb8c1929589bb307d0d101f92f8a923c96909abc82aea78cc284b65aee59c140,http,1,1,top_cold,4020,80.4
54,invocations_per_function_md.anon.d01.csv,d01,71,71,4200,f5594c2a4ad9bd260c2c44e14761be379b978d3a598332dc309ffe477da0167b,6519ed8187771c390f1911cdd9f974cc729db72a480e4fda80d0af0ec09f112a,f5594c2a4ad9bd260c2c44e14761be379b978d3a598332dc309ffe477da0167b/6519ed8187771c390f1911cdd9f974cc729db72a480e4fda80d0af0ec09f112a,app,f5594c2a4ad9bd260c2c44e14761be379b978d3a598332dc309ffe477da0167b,queue,1,1,top_cold,4200,84.0
55,invocations_per_function_md.anon.d01.csv,d01,78,78,4620,62748773bfef739ca9e90db2ebd8647150a0d51aeef965b5a95286c26bec3650,ad71d1a9dabe4e9c31ae4ee16e9d2675face4f3f30fdf13a4488f71dfd6e35db,62748773bfef739ca9e90db2ebd8647150a0d51aeef965b5a95286c26bec3650/ad71d1a9dabe4e9c31ae4ee16e9d2675face4f3f30fdf13a4488f71dfd6e35db,app,62748773bfef739ca9e90db2ebd8647150a0d51aeef965b5a95286c26bec3650,http,1,1,top_cold,4620,92.4
56,invocations_per_function_md.anon.d01.csv,d01,82,82,4860,62748773bfef739ca9e90db2ebd8647150a0d51aeef965b5a95286c26bec3650,e9b528a602251393699317fea846334f36f0938aaff14a672ef34ce19098b72c,62748773bfef739ca9e90db2ebd8647150a0d51aeef965b5a95286c26bec3650/e9b528a602251393699317fea846334f36f0938aaff14a672ef34ce19098b72c,app,62748773bfef739ca9e90db2ebd8647150a0d51aeef965b5a95286c26bec3650,http,1,1,top_cold,4860,97.2
57,invocations_per_function_md.anon.d01.csv,d01,82,82,4860,b0fc6efced2a2e4421afbb4822a0f620266f17788893b6fcd6bef54711667b63,379ff2801f82610b5ec5b6fde6c8462f6c7bf791e293025dab62f8726a75a2ea,b0fc6efced2a2e4421afbb4822a0f620266f17788893b6fcd6bef54711667b63/379ff2801f82610b5ec5b6fde6c8462f6c7bf791e293025dab62f8726a75a2ea,app,b0fc6efced2a2e4421afbb4822a0f620266f17788893b6fcd6bef54711667b63,timer,1,1,top_cold,4860,97.2
58,invocations_per_function_md.anon.d01.csv,d01,82,82,4860,b0fc6efced2a2e4421afbb4822a0f620266f17788893b6fcd6bef54711667b63,42af3a348e965a6089924bd4c90f7098d8ea814825ec289017cb18e8ed1cdcb9,b0fc6efced2a2e4421afbb4822a0f620266f17788893b6fcd6bef54711667b63/42af3a348e965a6089924bd4c90f7098d8ea814825ec289017cb18e8ed1cdcb9,app,b0fc6efced2a2e4421afbb4822a0f620266f17788893b6fcd6bef54711667b63,http,2,1,top_cold,4860,97.2
59,invocations_per_function_md.anon.d01.csv,d01,82,82,4860,b0fc6efced2a2e4421afbb4822a0f620266f17788893b6fcd6bef54711667b63,ba4e7d28c96d14fdca688dfcdbf5e16001a39dc1de75449dec3f3197937c8988,b0fc6efced2a2e4421afbb4822a0f620266f17788893b6fcd6bef54711667b63/ba4e7d28c96d14fdca688dfcdbf5e16001a39dc1de75449dec3f3197937c8988,app,b0fc6efced2a2e4421afbb4822a0f620266f17788893b6fcd6bef54711667b63,http,2,1,top_cold,4860,97.2
60,invocations_per_function_md.anon.d01.csv,d01,84,84,4980,738224f25d36d4da3ebbc5d801d2b054537be6e0d25a64e19e67873af43b74f6,b9dd4d4e2317f0585ef5a1d1d3174d1d350390324019ab2a274315f0f6442253,738224f25d36d4da3ebbc5d801d2b054537be6e0d25a64e19e67873af43b74f6/b9dd4d4e2317f0585ef5a1d1d3174d1d350390324019ab2a274315f0f6442253,app,738224f25d36d4da3ebbc5d801d2b054537be6e0d25a64e19e67873af43b74f6,timer,1,1,top_cold,4980,99.60000000000001
